obj,running_time,gap
14652.30308416256,3600.0750000476837,6.824865649147519e32
