obj,running_time,gap
11476.747587028585,3600.0599999427795,8.713269960996839e32
