obj,running_time,gap
12919.98766893493,3600.098999977112,7.73994546762929e32
