obj,running_time,gap
12233.596925291538,3600.0670001506805,8.174210791043868e32
