obj,running_time,gap
14202.511637470558,3600.0520000457764,7.041008136629073e32
