obj,running_time,gap
10632.91425295189,3600.0360000133514,9.4047593746218e32
