obj,running_time,gap
12566.914393255724,3600.1040000915527,7.957402817486059e32
