obj,running_time,gap
11892.101674467844,3600.0049998760223,8.408942568553513e32
