obj,running_time,gap
30738.383901179368,0.0003221,0.0
