obj,running_time,gap
28461.04011945241,0.0004631,0.0
