obj,running_time,gap
18457.842569193683,0.0006166,0.0
