obj,running_time,gap
17182.616106917856,0.0008028,0.0
