obj,running_time,gap
28308.39378095761,0.0002958,0.0
