obj,running_time,gap
17439.032676726583,0.00036,0.0
