obj,running_time,gap
28035.54178538122,0.0002959,0.0
