obj,running_time,gap
16168.520054674826,0.0073756,0.0
