obj,running_time,gap
17142.95880189265,0.0005858,0.0
