obj,running_time,gap
17261.596451227342,0.0004121,0.0
