obj,running_time,gap
29668.092713518698,0.000401,0.0
