obj,running_time,gap
17021.905916368112,0.0010386,0.0
