obj,running_time,gap
17326.700328535753,0.0006872,0.0
