obj,running_time,gap
28984.905506409697,0.0006946,0.0
