obj,running_time,gap
29789.818678455405,0.0004333,0.0
