obj,running_time,gap
51603.19379521231,0.0004085,0.0
