obj,running_time,gap
62827.34394074908,0.0002842,0.0
