obj,running_time,gap
63646.16591758141,0.0003048,0.0
