obj,running_time,gap
65754.56539960575,0.000339,0.0
