obj,running_time,gap
52508.510448655594,0.0002927,0.0
