obj,running_time,gap
51466.94698692856,0.0003848,0.0
