obj,running_time,gap
52279.68701639088,0.0014888,0.0
