obj,running_time,gap
65521.60445265778,0.0003398,0.0
