obj,running_time,gap
63560.81586992317,0.0003221,0.0
