obj,running_time,gap
52217.59035496285,0.000294,0.0
