obj,running_time,gap
53457.745392261866,0.0003096,0.0
