obj,running_time,gap
64737.84618988279,0.0002713,0.0
