obj,running_time,gap
63850.90247761562,0.000364,0.0
