obj,running_time,gap
53236.29612586999,0.000699,0.0
