obj,running_time,gap
52200.443427253966,0.0002986,0.0
