obj,running_time,gap
65234.559647179696,0.0003742,0.0
