obj,running_time,gap
63735.55752694245,0.0002355,0.0
