obj,running_time,gap
11739.891710010968,3600.159999847412,8.517966133769875e32
