obj,running_time,gap
11885.5831827507,3600.069000005722,8.413554342468198e32
