obj,running_time,gap
12526.379819142016,3600.065999984741,7.983152470531475e32
