obj,running_time,gap
12205.62274466212,3600.1070001125336,8.192945341009506e32
