obj,running_time,gap
9340.894457362072,3600.072000026703,1.0705612878559337e33
