obj,running_time,gap
13535.805870128772,3600.069000005722,7.387812809925289e32
