obj,running_time,gap
13146.971765731856,3600.100000143051,7.606314349944335e32
