obj,running_time,gap
11663.669282537567,3600.082000017166,8.573631297118103e32
