obj,running_time,gap
10933.567085027395,3600.069000005722,9.14614592130145e32
