obj,running_time,gap
11576.295218776162,3600.0750000476837,8.638342242499502e32
