obj,running_time,gap
10247.170593023835,0.0048059,0.0
