obj,running_time,gap
6679.58264030453,0.0001715,0.0
