obj,running_time,gap
29668.092713518698,0.0006002,0.0
