obj,running_time,gap
29229.870789017346,0.0093557,0.0
