obj,running_time,gap
12277.759696827554,0.0022959,0.0
