obj,running_time,gap
28572.285620648712,0.0168024,0.0
