obj,running_time,gap
9932.611148660455,0.0001356,0.0
