obj,running_time,gap
28461.04011945241,0.0002045,0.0
