obj,running_time,gap
6359.943285334423,0.0001123,0.0
