obj,running_time,gap
27905.54290356073,0.0001533,0.0
