obj,running_time,gap
8903.978215537933,0.0001572,0.0
