obj,running_time,gap
17807.523637485723,0.0002033,0.0
