obj,running_time,gap
9113.161564764461,0.0001308,0.0
