obj,running_time,gap
17261.596451227342,0.000147,0.0
