obj,running_time,gap
7658.368305001676,0.000354,0.0
