obj,running_time,gap
16458.91802364758,0.0002506,0.0
