obj,running_time,gap
7182.820921996989,0.000109,0.0
