obj,running_time,gap
16600.75217404771,0.0001547,0.0
