obj,running_time,gap
7001.359400322543,0.0001402,0.0
