obj,running_time,gap
10373.533499014447,0.0003107,0.0
