obj,running_time,gap
15271.597724190606,0.0015259,0.0
