obj,running_time,gap
8207.94134498635,0.0390001,0.0
