obj,running_time,gap
7144.879354332864,0.000229,0.0
