obj,running_time,gap
6380.017342331779,0.0001511,0.0
