obj,running_time,gap
11954.827995903132,0.0044581,0.0
