obj,running_time,gap
8320.339333549926,0.0001773,0.0
