obj,running_time,gap
10423.530106247417,0.0001359,0.0
