obj,running_time,gap
9921.259368025509,0.0001349,0.0
