obj,running_time,gap
30769.953007598633,0.0141114,0.0
