obj,running_time,gap
30424.642653369887,0.0001933,0.0
