obj,running_time,gap
10985.011896471366,0.0001153,0.0
