obj,running_time,gap
17281.029960150827,0.0001615,0.0
