obj,running_time,gap
6839.795560944225,0.0001152,0.0
