obj,running_time,gap
8146.8227327647655,0.0002681,0.0
