obj,running_time,gap
17021.905916368112,0.0002444,0.0
