obj,running_time,gap
8170.775004411591,0.0011949,0.0
