obj,running_time,gap
8666.881966368353,0.0001092,0.0
