obj,running_time,gap
51466.94698692856,0.0002042,0.0
