obj,running_time,gap
55077.28598475766,0.0466455,0.0
