obj,running_time,gap
54110.19386765349,0.0001488,0.0
