obj,running_time,gap
61899.13523959325,0.0016541,0.0
