obj,running_time,gap
51393.85229017604,0.0204973,0.0
