obj,running_time,gap
53298.55761221636,0.0004725,0.0
