obj,running_time,gap
52279.68701639088,0.0002048,0.0
