obj,running_time,gap
53236.29612586999,0.0001682,0.0
