obj,running_time,gap
65133.4533254591,0.2393953,0.0
