obj,running_time,gap
62827.34394074908,0.0019711,0.0
