obj,running_time,gap
64289.06507607745,0.0001906,0.0
