obj,running_time,gap
55369.62882090156,0.1516867,0.0
