obj,running_time,gap
65908.07158855544,0.0002736,0.0
