obj,running_time,gap
53479.37629653226,0.0004265,0.0
