obj,running_time,gap
66172.57378228859,0.0002311,0.0
