obj,running_time,gap
63642.802491134506,0.0002172,0.0
