obj,running_time,gap
67570.6664958987,0.0002153,0.0
