obj,running_time,gap
23345.67958525735,0.1327765,0.0
