obj,running_time,gap
47949.27105946782,0.0096428,0.0
