obj,running_time,gap
49119.92392725711,0.0309982,0.0
