obj,running_time,gap
48917.15177248015,0.0123748,0.0
