obj,running_time,gap
48231.305022408465,0.0120585,0.0
