obj,running_time,gap
47994.60422309328,0.0277287,0.0
