obj,running_time,gap
23893.186068416635,0.0380458,0.0
