obj,running_time,gap
48355.14481944259,0.0095792,0.0
