obj,running_time,gap
23287.45493121088,0.0325382,0.0
