obj,running_time,gap
23604.409080767582,0.006616,0.0
