obj,running_time,gap
44769.39146424031,0.0155906,0.0
