obj,running_time,gap
12703.915414229506,0.0080124,0.0
