obj,running_time,gap
22936.09972509455,0.0066017,0.0
