obj,running_time,gap
11504.200034291043,0.0094939,0.0
