obj,running_time,gap
24879.42037121169,0.0049144,0.0
