obj,running_time,gap
12825.2951093479,0.0069481,0.0
