obj,running_time,gap
46254.382761753026,0.0094797,0.0
