obj,running_time,gap
24682.637080420493,0.014764,0.0
