obj,running_time,gap
44999.1178911069,0.0171956,0.0
