obj,running_time,gap
47501.417970122544,0.050387,0.0
