obj,running_time,gap
12857.046843677563,0.002305,0.0
