obj,running_time,gap
14703.38965202747,0.0021075,0.0
