obj,running_time,gap
13441.754209054472,0.0018072,0.0
