obj,running_time,gap
13420.612507256203,0.0046674,0.0
