obj,running_time,gap
23536.358341008126,0.0923742,0.0
