obj,running_time,gap
12054.783782072755,0.0108202,0.0
