obj,running_time,gap
11776.746026739504,0.0021052,0.0
