obj,running_time,gap
25111.132875023755,0.0064213,0.0
