obj,running_time,gap
24215.26086008622,0.009426,0.0
