obj,running_time,gap
94034.17120519809,0.0749544,0.0
