obj,running_time,gap
117312.96667035321,0.0824607,0.0
