obj,running_time,gap
115605.56861044413,0.0643358,0.0
