obj,running_time,gap
91462.15425802548,0.0991386,0.0
