obj,running_time,gap
92357.14586008489,0.0614906,0.0
