obj,running_time,gap
94789.52659891374,0.0242789,0.0
