obj,running_time,gap
115633.07109747124,0.3920505,0.0
