obj,running_time,gap
114885.7157547799,0.131978,0.0
