obj,running_time,gap
91487.93987163462,0.0291061,0.0
