obj,running_time,gap
91655.21702227942,0.0430203,0.0
