obj,running_time,gap
93538.83618850788,0.099324,0.0
