obj,running_time,gap
116279.30699909608,0.3372241,0.0
