obj,running_time,gap
114014.62695713212,0.0477277,0.0
