obj,running_time,gap
116591.34315853257,0.0916071,0.0
