obj,running_time,gap
114189.98535982883,0.1286302,0.0
