obj,running_time,gap
92448.21865312748,0.0307228,0.0
