obj,running_time,gap
115771.95403194297,0.0476368,0.0
