obj,running_time,gap
93850.51670192255,0.4177932,0.0
