obj,running_time,gap
120306.67860598213,0.0500641,0.0
