obj,running_time,gap
95818.45198460002,0.2034363,0.0
